id;reference;first_name;last_name;phone_1;phone_2;image;image_content_type;email
1;"SC280COM64";Estella;Kihn;Money Market Account;pricing structure mobile Multi-lateral;../fake-data/blob/hipster.png;image/png;",8@wHK.rl2&U"
2;"SC176COM73";Damian;Nienow;parse Overpass;AlleyXXX;../fake-data/blob/hipster.png;image/png;"Y4@Qp.}L~"
3;"SC147COM32";Amir;Osinski;hapticXX;payment auxiliary;../fake-data/blob/hipster.png;image/png;"~}M@$!Sh.sfU,"
4;"SC791COM64";Eleonore;Medhurst;New York back up;capacitor withdrawal;../fake-data/blob/hipster.png;image/png;"!<H@mU*Y9.+6-hx"
5;"SC936COM28";Kailey;Hauck;Strategist;scalable;../fake-data/blob/hipster.png;image/png;"LO2f%@jj0a.DW"
6;"SC985COM82";Hollis;Spinka;Svalbard & Jan Mayen Islands;conglomeration engage program;../fake-data/blob/hipster.png;image/png;"Y@#?QmC.4'lo5X"
7;"SC227COM92";Tressa;Mitchell;proactive;TacticsX;../fake-data/blob/hipster.png;image/png;"Swm@i.R)#"
8;"SC601COM22";Jayde;Pollich;Via innovate Checking Account;Multi-layered;../fake-data/blob/hipster.png;image/png;"4@-.p1?b.k"
9;"SC810COM62";Adelia;Hammes;Computer gold;cyanXXXX;../fake-data/blob/hipster.png;image/png;"z29\q@8Qi.M5ZsE"
10;"SC607COM19";Rubye;Larson;Place Credit Card Account Operations;Chicken Investment Account;../fake-data/blob/hipster.png;image/png;"#xA;@^.Hyg"
